sample_id,label_name,used,split,max_abs_z,z_reasons,iforest_score,iforest_flag
case085.png,benign,True,train,5.314740362065189,"aspect_ratio(z=+5.3),height(z=-4.4)",0.6021341663639723,True
case012.png,malignant,True,train,4.570322312652082,"noise_sigma(z=+3.1),hf_energy_frac(z=+4.6)",0.5734065859512633,True
case173.png,malignant,True,train,3.8253799940249693,hf_energy_frac(z=+3.8),0.5565937623198252,False
case009.png,benign,True,train,3.4820968157981462,height(z=-3.5),0.5058434610577146,False
case213.png,normal,False,,3.4820968157981462,height(z=-3.5),0.5085413763644433,False
case236.png,benign,True,train,3.2748300244204467,height(z=-3.3),0.4883014936199729,False
case184.png,benign,True,val,3.2005114617786585,aspect_ratio(z=+3.2),0.5252968773870039,False
case038.png,benign,True,train,3.2005114617786585,aspect_ratio(z=+3.2),0.5432956402799948,False
case204.png,benign,True,train,3.2005114617786585,aspect_ratio(z=+3.2),0.5114758631996357,False
case074.png,benign,True,train,3.2005114617786585,aspect_ratio(z=+3.2),0.543735722074705,False
case242.png,benign,True,val,3.2005114617786585,aspect_ratio(z=+3.2),0.5278320165866736,False
case181.png,benign,True,train,3.1996844896369097,hf_energy_frac(z=+3.2),0.44749057392103225,False
case088.png,malignant,True,train,3.184022575979252,aspect_ratio(z=+3.2),0.5788211866284051,True
case225.png,malignant,True,train,3.1749068903486637,dynamic_range(z=-3.2),0.4846977240574808,False
case135.png,benign,True,train,3.172356124358665,noise_sigma(z=+3.2),0.5283376685137864,False
case102.png,malignant,True,train,3.1356438216507105,"noise_sigma(z=+3.1),hf_energy_frac(z=+3.0)",0.5336958449131539,False
case148.png,malignant,True,train,3.062514922709737,noise_sigma(z=+3.1),0.4642640351705234,False
case024.png,benign,True,train,3.04995083597237,noise_sigma(z=+3.0),0.49781945685490814,False
case150.png,malignant,True,train,3.0463335893254873,noise_sigma(z=+3.0),0.481512192431555,False
case107.png,malignant,True,train,3.0099773556685494,sharpness_lapvar(z=+3.0),0.4923450942893655,False
