sample_id,reasons,decision,note
train/Malignant/BreaDM-Ma-2034/p-035,"hf_energy_frac(z=+14.7),height(z=+3.2)",,
train/Malignant/BreaDM-Ma-2028/p-060,"sharpness_lapvar(z=+7.4),noise_sigma(z=+4.7)",,
train/Malignant/BreaDM-Ma-2034/p-036,"hf_energy_frac(z=+6.8),height(z=+3.2)",,
train/Malignant/BreaDM-Ma-1924/p-069,"brightness(z=-4.2),contrast(z=-4.3),entropy(z=-5.8),dynamic_range(z=-6.5)",,
train/Malignant/BreaDM-Ma-1924/p-068,"brightness(z=-4.0),contrast(z=-4.3),entropy(z=-5.9),dynamic_range(z=-6.3)",,
train/Malignant/BreaDM-Ma-2028/p-059,"sharpness_lapvar(z=+6.1),noise_sigma(z=+4.5)",,
train/Benign/BreaDM-Be-1816/p-026,"sharpness_lapvar(z=+6.0),noise_sigma(z=+5.2)",,
train/Malignant/BreaDM-Ma-2028/p-061,"sharpness_lapvar(z=+6.0),noise_sigma(z=+3.5)",,
train/Malignant/BreaDM-Ma-2009/p-032,snr(z=+5.6),,
train/Malignant/BreaDM-Ma-2105/p-062,"sharpness_lapvar(z=+4.8),noise_sigma(z=+5.5)",,
train/Malignant/BreaDM-Ma-2028/p-058,"sharpness_lapvar(z=+5.4),noise_sigma(z=+4.2)",,
train/Malignant/BreaDM-Ma-2105/p-063,"sharpness_lapvar(z=+5.4),noise_sigma(z=+5.3)",,
test/Benign/BreaDM-Be-2002/p-015,"sharpness_lapvar(z=+5.2),noise_sigma(z=+4.9)",,
train/Malignant/BreaDM-Ma-2105/p-061,"sharpness_lapvar(z=+3.8),noise_sigma(z=+5.2)",,
val/Benign/BreaDM-Be-2110/p-043,"contrast(z=-3.1),entropy(z=-5.0),dynamic_range(z=-4.8)",,
val/Benign/BreaDM-Be-2110/p-045,"contrast(z=-3.0),entropy(z=-4.5),dynamic_range(z=-4.9)",,
val/Malignant/BreaDM-Ma-1910/p-035,"contrast(z=-3.6),entropy(z=-3.7),dynamic_range(z=-4.9)",,
train/Malignant/BreaDM-Ma-2105/p-060,"sharpness_lapvar(z=+3.6),noise_sigma(z=+4.9)",,
train/Benign/BreaDM-Be-2006/p-063,"sharpness_lapvar(z=+4.8),noise_sigma(z=+4.3)",,
train/Malignant/BreaDM-Ma-2105/p-058,"sharpness_lapvar(z=+3.5),noise_sigma(z=+4.8)",,
train/Malignant/BreaDM-Ma-2105/p-057,"sharpness_lapvar(z=+4.1),noise_sigma(z=+4.7)",,
train/Benign/BreaDM-Be-2006/p-064,"sharpness_lapvar(z=+4.7),noise_sigma(z=+3.7)",,
train/Benign/BreaDM-Be-1903/p-025,"contrast(z=-3.4),entropy(z=-4.6),dynamic_range(z=-3.8)",,
train/Benign/BreaDM-Be-2006/p-068,"sharpness_lapvar(z=+4.6),noise_sigma(z=+3.3)",,
train/Malignant/BreaDM-Ma-2009/p-033,snr(z=+4.5),,
train/Benign/BreaDM-Be-2115/p-069,"sharpness_lapvar(z=+4.5),noise_sigma(z=+4.1)",,
val/Benign/BreaDM-Be-2110/p-044,"entropy(z=-4.5),dynamic_range(z=-4.2),snr(z=+3.3)",,
train/Malignant/BreaDM-Ma-1924/p-067,"brightness(z=-3.7),contrast(z=-3.6),entropy(z=-3.9),dynamic_range(z=-4.5)",,
train/Malignant/BreaDM-Ma-2117/p-084,"sharpness_lapvar(z=+4.4),noise_sigma(z=+3.5)",,
train/Benign/BreaDM-Be-2006/p-066,"sharpness_lapvar(z=+4.3),noise_sigma(z=+3.7)",,
test/Benign/BreaDM-Be-2002/p-016,"sharpness_lapvar(z=+4.3),noise_sigma(z=+3.9)",,
train/Benign/BreaDM-Be-1912/p-034,snr(z=+4.3),,
val/Malignant/BreaDM-Ma-1809/p-055,hf_energy_frac(z=+4.3),,
train/Benign/BreaDM-Be-2006/p-069,"sharpness_lapvar(z=+4.2),noise_sigma(z=+3.4)",,
train/Benign/BreaDM-Be-2006/p-062,"sharpness_lapvar(z=+4.2),noise_sigma(z=+4.0)",,
train/Malignant/BreaDM-Ma-2105/p-059,"sharpness_lapvar(z=+3.7),noise_sigma(z=+4.2)",,
val/Malignant/BreaDM-Ma-1809/p-056,hf_energy_frac(z=+4.2),,
train/Benign/BreaDM-Be-2103/p-045,"contrast(z=-3.2),dynamic_range(z=-4.2)",,
train/Benign/BreaDM-Be-2006/p-065,"sharpness_lapvar(z=+4.1),noise_sigma(z=+3.5)",,
train/Benign/BreaDM-Be-2006/p-061,"sharpness_lapvar(z=+3.9),noise_sigma(z=+4.1)",,
train/Benign/BreaDM-Be-1830/p-033,"dynamic_range(z=-4.1),snr(z=+3.1)",,
train/Benign/BreaDM-Be-2021/p-075,entropy(z=-4.1),,
test/Malignant/BreaDM-Ma-2118/p-053,aspect_ratio(z=+4.0),,
test/Malignant/BreaDM-Ma-2118/p-052,aspect_ratio(z=+4.0),,
test/Malignant/BreaDM-Ma-2118/p-051,aspect_ratio(z=+4.0),,
test/Malignant/BreaDM-Ma-2118/p-050,aspect_ratio(z=+4.0),,
test/Malignant/BreaDM-Ma-2118/p-054,aspect_ratio(z=+4.0),,
test/Malignant/BreaDM-Ma-2118/p-055,aspect_ratio(z=+4.0),,
test/Malignant/BreaDM-Ma-2118/p-056,aspect_ratio(z=+4.0),,
test/Malignant/BreaDM-Ma-2118/p-049,aspect_ratio(z=+4.0),,
test/Malignant/BreaDM-Ma-2118/p-048,aspect_ratio(z=+4.0),,
test/Malignant/BreaDM-Ma-2118/p-046,aspect_ratio(z=+4.0),,
test/Malignant/BreaDM-Ma-2118/p-047,aspect_ratio(z=+4.0),,
train/Benign/BreaDM-Be-2103/p-043,dynamic_range(z=-4.0),,
train/Benign/BreaDM-Be-2103/p-044,dynamic_range(z=-4.0),,
train/Benign/BreaDM-Be-2115/p-068,"sharpness_lapvar(z=+3.6),noise_sigma(z=+4.0)",,
train/Benign/BreaDM-Be-1912/p-033,snr(z=+4.0),,
train/Benign/BreaDM-Be-1912/p-035,snr(z=+4.0),,
train/Benign/BreaDM-Be-2006/p-067,"sharpness_lapvar(z=+3.9),noise_sigma(z=+3.1)",,
train/Malignant/BreaDM-Ma-1906/p-047,height(z=+3.9),,
train/Malignant/BreaDM-Ma-1906/p-040,height(z=+3.9),,
train/Malignant/BreaDM-Ma-1906/p-041,height(z=+3.9),,
train/Malignant/BreaDM-Ma-1906/p-042,height(z=+3.9),,
train/Malignant/BreaDM-Ma-1906/p-044,height(z=+3.9),,
train/Malignant/BreaDM-Ma-1906/p-043,height(z=+3.9),,
train/Malignant/BreaDM-Ma-1906/p-046,height(z=+3.9),,
train/Malignant/BreaDM-Ma-1906/p-049,height(z=+3.9),,
train/Malignant/BreaDM-Ma-1906/p-048,height(z=+3.9),,
train/Malignant/BreaDM-Ma-1906/p-035,height(z=+3.9),,
train/Malignant/BreaDM-Ma-1906/p-034,height(z=+3.9),,
train/Malignant/BreaDM-Ma-1906/p-036,height(z=+3.9),,
train/Malignant/BreaDM-Ma-1906/p-039,height(z=+3.9),,
train/Malignant/BreaDM-Ma-1906/p-037,height(z=+3.9),,
train/Malignant/BreaDM-Ma-1906/p-038,height(z=+3.9),,
train/Malignant/BreaDM-Ma-1906/p-045,height(z=+3.9),,
train/Malignant/BreaDM-Ma-2009/p-031,snr(z=+3.9),,
val/Benign/BreaDM-Be-2110/p-047,entropy(z=-3.9),,
train/Benign/BreaDM-Be-2006/p-054,"sharpness_lapvar(z=+3.9),noise_sigma(z=+3.2)",,
train/Benign/BreaDM-Be-2006/p-055,"sharpness_lapvar(z=+3.9),noise_sigma(z=+3.4)",,
train/Benign/BreaDM-Be-1901/p-048,"dynamic_range(z=-3.9),snr(z=+3.2)",,
val/Benign/BreaDM-Be-2110/p-046,entropy(z=-3.8),,
train/Benign/BreaDM-Be-1901/p-049,dynamic_range(z=-3.8),,
train/Benign/BreaDM-Be-2006/p-058,"sharpness_lapvar(z=+3.1),noise_sigma(z=+3.8)",,
val/Benign/BreaDM-Be-2110/p-048,entropy(z=-3.8),,
train/Benign/BreaDM-Be-1811/p-029,dynamic_range(z=-3.8),,
val/Malignant/BreaDM-Ma-1826/p-037,snr(z=+3.7),,
train/Malignant/BreaDM-Ma-2019/p-027,"entropy(z=-3.1),dynamic_range(z=-3.7)",,
train/Malignant/BreaDM-Ma-2001/p-035,dynamic_range(z=-3.7),,
train/Benign/BreaDM-Be-2006/p-060,"sharpness_lapvar(z=+3.7),noise_sigma(z=+3.5)",,
train/Benign/BreaDM-Be-2006/p-059,"sharpness_lapvar(z=+3.6),noise_sigma(z=+3.5)",,
train/Benign/BreaDM-Be-2021/p-077,entropy(z=-3.6),,
train/Benign/BreaDM-Be-2006/p-057,"sharpness_lapvar(z=+3.4),noise_sigma(z=+3.6)",,
train/Malignant/BreaDM-Ma-2050/p-056,aspect_ratio(z=+3.6),,
train/Malignant/BreaDM-Ma-2050/p-053,aspect_ratio(z=+3.6),,
train/Malignant/BreaDM-Ma-2050/p-054,aspect_ratio(z=+3.6),,
train/Malignant/BreaDM-Ma-2050/p-055,aspect_ratio(z=+3.6),,
train/Malignant/BreaDM-Ma-2050/p-058,aspect_ratio(z=+3.6),,
train/Malignant/BreaDM-Ma-2050/p-057,aspect_ratio(z=+3.6),,
train/Malignant/BreaDM-Ma-2050/p-052,aspect_ratio(z=+3.6),,
train/Malignant/BreaDM-Ma-1924/p-066,"brightness(z=-3.1),dynamic_range(z=-3.5)",,
train/Benign/BreaDM-Be-2115/p-066,sharpness_lapvar(z=+3.5),,
test/Benign/BreaDM-Be-1826/p-027,dynamic_range(z=-3.5),,
test/Malignant/BreaDM-Ma-1921/p-050,snr(z=+3.4),,
train/Benign/BreaDM-Be-2021/p-076,entropy(z=-3.4),,
val/Benign/BreaDM-Be-1815/p-046,dynamic_range(z=-3.4),,
train/Benign/BreaDM-Be-2014/p-065,entropy(z=-3.4),,
train/Malignant/BreaDM-Ma-2030/p-027,snr(z=+3.4),,
val/Malignant/BreaDM-Ma-1910/p-036,dynamic_range(z=-3.4),,
train/Benign/BreaDM-Be-2006/p-056,"sharpness_lapvar(z=+3.4),noise_sigma(z=+3.0)",,
train/Benign/BreaDM-Be-1811/p-028,dynamic_range(z=-3.3),,
test/Benign/BreaDM-Be-2002/p-014,"sharpness_lapvar(z=+3.3),noise_sigma(z=+3.1)",,
train/Benign/BreaDM-Be-1809/p-031,snr(z=+3.3),,
train/Malignant/BreaDM-Ma-2111/p-052,sharpness_lapvar(z=+3.3),,
test/Benign/BreaDM-Be-2113/p-066,snr(z=+3.2),,
train/Benign/BreaDM-Be-2114/p-013,sharpness_lapvar(z=+3.2),,
val/Malignant/BreaDM-Ma-1826/p-036,snr(z=+3.2),,
train/Malignant/BreaDM-Ma-2034/p-048,height(z=+3.2),,
train/Malignant/BreaDM-Ma-2034/p-045,height(z=+3.2),,
train/Malignant/BreaDM-Ma-2034/p-044,height(z=+3.2),,
train/Malignant/BreaDM-Ma-2034/p-043,height(z=+3.2),,
train/Malignant/BreaDM-Ma-2034/p-051,height(z=+3.2),,
train/Malignant/BreaDM-Ma-2034/p-050,height(z=+3.2),,
train/Malignant/BreaDM-Ma-2034/p-040,height(z=+3.2),,
train/Malignant/BreaDM-Ma-2034/p-049,height(z=+3.2),,
train/Malignant/BreaDM-Ma-2034/p-037,height(z=+3.2),,
train/Malignant/BreaDM-Ma-2034/p-052,height(z=+3.2),,
train/Malignant/BreaDM-Ma-2034/p-042,height(z=+3.2),,
train/Malignant/BreaDM-Ma-2034/p-038,height(z=+3.2),,
train/Malignant/BreaDM-Ma-2034/p-053,height(z=+3.2),,
train/Malignant/BreaDM-Ma-2034/p-039,height(z=+3.2),,
train/Malignant/BreaDM-Ma-2034/p-047,height(z=+3.2),,
train/Malignant/BreaDM-Ma-2034/p-041,height(z=+3.2),,
train/Malignant/BreaDM-Ma-2034/p-046,height(z=+3.2),,
test/Malignant/BreaDM-Ma-1915/p-019,width(z=+3.2),,
test/Malignant/BreaDM-Ma-1915/p-021,width(z=+3.2),,
test/Malignant/BreaDM-Ma-1915/p-022,width(z=+3.2),,
test/Malignant/BreaDM-Ma-1915/p-020,width(z=+3.2),,
test/Malignant/BreaDM-Ma-1915/p-024,width(z=+3.2),,
test/Malignant/BreaDM-Ma-1915/p-031,width(z=+3.2),,
test/Malignant/BreaDM-Ma-1915/p-025,width(z=+3.2),,
test/Malignant/BreaDM-Ma-1915/p-026,width(z=+3.2),,
test/Malignant/BreaDM-Ma-1915/p-023,width(z=+3.2),,
test/Malignant/BreaDM-Ma-1915/p-027,width(z=+3.2),,
test/Malignant/BreaDM-Ma-1915/p-028,width(z=+3.2),,
test/Malignant/BreaDM-Ma-1915/p-030,width(z=+3.2),,
test/Malignant/BreaDM-Ma-1915/p-029,width(z=+3.2),,
test/Malignant/BreaDM-Ma-1915/p-033,width(z=+3.2),,
test/Malignant/BreaDM-Ma-1915/p-032,width(z=+3.2),,
test/Malignant/BreaDM-Ma-1915/p-034,width(z=+3.2),,
val/Malignant/BreaDM-Ma-1826/p-039,snr(z=+3.2),,
train/Malignant/BreaDM-Ma-2135/p-037,sharpness_lapvar(z=+3.1),,
train/Benign/BreaDM-Be-2115/p-067,sharpness_lapvar(z=+3.1),,
train/Benign/BreaDM-Be-1913/p-042,noise_sigma(z=+3.1),,
train/Benign/BreaDM-Be-1902/p-026,dynamic_range(z=-3.1),,
train/Malignant/BreaDM-Ma-2019/p-024,entropy(z=-3.1),,
val/Malignant/BreaDM-Ma-1826/p-041,dynamic_range(z=-3.1),,
train/Benign/BreaDM-Be-1806/p-028,snr(z=+3.1),,
test/Malignant/BreaDM-Ma-2126/p-044,dynamic_range(z=-3.1),,
train/Benign/BreaDM-Be-1803/p-035,aspect_ratio(z=+3.1),,
train/Benign/BreaDM-Be-1803/p-037,aspect_ratio(z=+3.1),,
train/Benign/BreaDM-Be-1803/p-036,aspect_ratio(z=+3.1),,
train/Benign/BreaDM-Be-1811/p-030,dynamic_range(z=-3.1),,
test/Malignant/BreaDM-Ma-2126/p-040,dynamic_range(z=-3.0),,
train/Malignant/BreaDM-Ma-2019/p-023,entropy(z=-3.0),,
train/Benign/BreaDM-Be-1830/p-034,dynamic_range(z=-3.0),,
train/Malignant/BreaDM-Ma-2117/p-086,sharpness_lapvar(z=+3.0),,
