i,j,ahash_dist,dhash_dist,phash_dist,ssim,dataset_a,sample_id_a,label_name_a,label_a,used_a,group_a,split_a,fold_a,dataset_b,sample_id_b,label_name_b,label_b,used_b,group_b,split_b,fold_b,same_group,label_conflict,group_id,leak_type
7,63,1,0,0,0.95841837,busi,benign/benign (105),benign,0.0,True,,train,1.0,busi,benign/benign (156),benign,0.0,True,,train,5.0,False,False,0,kfold
34,257,0,2,2,0.9709744,busi,benign/benign (13),benign,0.0,True,,val,5.0,busi,benign/benign (330),benign,0.0,True,,train,2.0,False,False,1,holdout_split
36,594,0,1,2,0.9731831,busi,benign/benign (131),benign,0.0,True,,val,5.0,busi,malignant/malignant (51),malignant,1.0,True,,train,3.0,False,True,2,holdout_split
44,399,1,3,0,0.95725316,busi,benign/benign (139),benign,0.0,True,,train,3.0,busi,benign/benign (65),benign,0.0,True,,train,1.0,False,False,3,kfold
59,89,1,2,0,0.9773561,busi,benign/benign (152),benign,0.0,True,,train,1.0,busi,benign/benign (18),benign,0.0,True,,train,3.0,False,False,4,kfold
116,193,0,2,2,0.9578078,busi,benign/benign (203),benign,0.0,True,,train,2.0,busi,benign/benign (273),benign,0.0,True,,train,1.0,False,False,5,kfold
117,166,1,4,0,0.97081804,busi,benign/benign (204),benign,0.0,True,,train,4.0,busi,benign/benign (249),benign,0.0,True,,train,3.0,False,False,6,kfold
124,220,0,0,0,0.9706408,busi,benign/benign (210),benign,0.0,True,,train,4.0,busi,benign/benign (298),benign,0.0,True,,train,1.0,False,False,7,kfold
132,218,2,2,2,0.97812754,busi,benign/benign (218),benign,0.0,True,,train,3.0,busi,benign/benign (296),benign,0.0,True,,train,5.0,False,False,8,kfold
141,182,0,3,0,0.98453355,busi,benign/benign (226),benign,0.0,True,,val,3.0,busi,benign/benign (263),benign,0.0,True,,val,5.0,False,False,9,kfold
143,230,0,3,0,0.96464354,busi,benign/benign (228),benign,0.0,True,,train,2.0,busi,benign/benign (306),benign,0.0,True,,train,4.0,False,False,10,kfold
149,221,0,1,0,0.9947926,busi,benign/benign (233),benign,0.0,True,,train,5.0,busi,benign/benign (299),benign,0.0,True,,train,4.0,False,False,11,kfold
151,216,0,3,0,0.9629443,busi,benign/benign (235),benign,0.0,True,,train,5.0,busi,benign/benign (294),benign,0.0,True,,train,1.0,False,False,12,kfold
154,224,0,0,2,0.95651126,busi,benign/benign (238),benign,0.0,True,,train,5.0,busi,benign/benign (300),benign,0.0,True,,train,2.0,False,False,13,kfold
173,197,0,3,2,0.95386755,busi,benign/benign (255),benign,0.0,True,,train,4.0,busi,benign/benign (277),benign,0.0,True,,train,1.0,False,False,14,kfold
182,198,0,1,0,0.95043314,busi,benign/benign (263),benign,0.0,True,,val,5.0,busi,benign/benign (278),benign,0.0,True,,train,1.0,False,False,9,holdout_split
185,199,1,1,2,0.9704264,busi,benign/benign (266),benign,0.0,True,,train,1.0,busi,benign/benign (279),benign,0.0,True,,train,4.0,False,False,15,kfold
193,210,0,0,2,0.9731791,busi,benign/benign (273),benign,0.0,True,,train,1.0,busi,benign/benign (289),benign,0.0,True,,train,2.0,False,False,5,kfold
195,219,0,0,2,0.9651431,busi,benign/benign (275),benign,0.0,True,,val,4.0,busi,benign/benign (297),benign,0.0,True,,train,1.0,False,False,16,holdout_split
196,208,0,1,2,0.9640316,busi,benign/benign (276),benign,0.0,True,,train,1.0,busi,benign/benign (287),benign,0.0,True,,train,2.0,False,False,17,kfold
205,206,1,3,2,0.9828809,busi,benign/benign (284),benign,0.0,True,,train,5.0,busi,benign/benign (285),benign,0.0,True,,train,2.0,False,False,18,kfold
222,246,0,0,4,0.9722183,busi,benign/benign (3),benign,0.0,True,,train,4.0,busi,benign/benign (320),benign,0.0,True,,train,2.0,False,False,19,kfold
233,359,0,2,0,0.9649806,busi,benign/benign (309),benign,0.0,True,,train,2.0,busi,benign/benign (422),benign,0.0,True,,train,5.0,False,False,20,kfold
248,382,1,1,0,0.95286953,busi,benign/benign (322),benign,0.0,True,,train,4.0,busi,benign/benign (5),benign,0.0,True,,train,2.0,False,False,21,kfold
332,640,3,2,0,0.97981936,busi,benign/benign (399),benign,0.0,True,,train,5.0,busi,malignant/malignant (93),malignant,1.0,True,,val,1.0,False,True,22,holdout_split
371,488,0,0,0,1.0,busi,benign/benign (433),benign,0.0,True,,train,4.0,busi,malignant/malignant (145),malignant,1.0,True,,train,1.0,False,True,23,kfold
456,526,0,1,0,0.99160475,busi,malignant/malignant (116),malignant,1.0,True,,train,4.0,busi,malignant/malignant (18),malignant,1.0,True,,train,5.0,False,False,24,kfold
581,592,1,4,2,0.9802048,busi,malignant/malignant (4),malignant,1.0,True,,train,3.0,busi,malignant/malignant (5),malignant,1.0,True,,val,2.0,False,False,25,holdout_split
